[
  {
    "nome":"Olva",
    "email":"olippini0@deviantart.com",
    "telefone":[
      "4733865848",
      "47933865848"
    ],
    "endereco":{
      "logradouro":"Rua Transport",
      "numero":"05",
      "cep":"46140",
      "apartamento":true,
      "complemento":"ap 102"
    }
  },
  {
    "nome":"Oralle",
    "email":"orajchert1@clickbank.net",
    "telefone":[
      "5896279799",
      "58996279799"
    ],
    "endereco":{
      "logradouro":"Rua Kedzie",
      "numero":"89",
      "cep":"613840",
      "apartamento":false
    }
  },
  {
    "nome":"Amye",
    "email":"aranahan2@yellowbook.com",
    "telefone":[
      "1918820860",
      "19918820860"
    ],
    "endereco":{
      "logradouro":"Rua Karstens",
      "numero":"59",
      "cep":"627533",
      "apartamento":true,
      "complemento":"ap 401"
    }
  },
  {
    "nome":"Greer",
    "email":"gtumielli3@vimeo.com",
    "telefone":[
      "9466883489",
      "94966883489"
    ],
    "endereco":{
      "logradouro":"Rua Algoma",
      "numero":"077",
      "apartamento":false
    }
  },
  {
    "nome":"Juliet",
    "email":"jelphey4@wikipedia.org",
    "telefone":[
      "1198123183",
      "11998123183"
    ],
    "endereco":{
      "logradouro":"Rua Crownhardt",
      "numero":"07",
      "cep":"184366",
      "apartamento":false
    }
  },
  {
    "nome":"Blakeley",
    "email":"bmccaughran5@blog.com",
    "telefone":[
      "7919437785",
      "79919437785"
    ],
    "endereco":{
      "logradouro":"Rua Stone Corner",
      "numero":"40429",
      "cep":"1000",
      "apartamento":true
    }
  },
  {
    "nome":"Leeann",
    "email":"lhuckleby6@tuttocitta.it",
    "telefone":[
      "9045673092",
      "90945673092"
    ],
    "endereco":{
      "logradouro":"Rua Center",
      "numero":"549",
      "apartamento":false
    }
  },
  {
    "nome":"Tildi",
    "email":"tmilthorpe7@answers.com",
    "telefone":[
      "3149463623",
      "31949463623"
    ],
    "endereco":{
      "logradouro":"Rua Clyde Gallagher",
      "numero":"3962",
      "apartamento":false
    }
  },
  {
    "nome":"Kirby",
    "email":"kcoard8@squidoo.com",
    "telefone":[
      "9291767581",
      "92991767581"
    ],
    "endereco":{
      "logradouro":"Rua Valley Edge",
      "numero":"5",
      "cep":"20195",
      "apartamento":false,
      "complemento":"Venda da tia Zezé"
    }
  },
  {
    "nome":"Stephine",
    "email":"smullard9@etsy.com",
    "telefone":[
      "5327428873",
      "53927428873"
    ],
    "endereco":{
      "logradouro":"Rua Ruskin",
      "numero":"36819",
      "apartamento":true,
      "complemento":"Bloco 16 ap 202"
    }
  },
  {
    "nome":"Carolina",
    "email":"ckauschea@reddit.com",
    "telefone":[
      "1877479960",
      "18977479960"
    ],
    "endereco":{
      "logradouro":"Rua Mosinee",
      "numero":"28672",
      "cep":"8314",
      "apartamento":false,
      "complemento":"Bar dos coroas"
    }
  },
  {
    "nome":"Jerrome",
    "email":"jbletsorb@dmoz.org",
    "telefone":[
      "2492442110",
      "24992442110"
    ],
    "endereco":{
      "logradouro":"Rua Arkansas",
      "numero":"3983",
      "apartamento":false,
      "complemento":"Mercadinho"
    }
  },
  {
    "nome":"Emilee",
    "email":"eempsonc@bloomberg.com",
    "telefone":[
      "4775323087",
      "47975323087"
    ],
    "endereco":{
      "logradouro":"Rua West",
      "numero":"8",
      "apartamento":true
    }
  },
  {
    "nome":"Way",
    "email":"wportmand@census.gov",
    "telefone":[
      "9705299694",
      "97905299694"
    ],
    "endereco":{
      "logradouro":"Rua Rockefeller",
      "numero":"79",
      "cep":"81028 CEDEX 9",
      "apartamento":false
    }
  },
  {
    "nome":"Dorothea",
    "email":"dmutimere@bizjournals.com",
    "telefone":[
      "6804913737",
      "68904913737"
    ],
    "endereco":{
      "logradouro":"Rua Morrow",
      "numero":"1",
      "apartamento":true
    }
  },
  {
    "nome":"Flori",
    "email":"fbattersbyf@freewebs.com",
    "telefone":[
      "2047970414",
      "20947970414"
    ],
    "endereco":{
      "logradouro":"Rua Forest",
      "numero":"43",
      "apartamento":false,
      "complemento":"Na frente da quadra de basquete"
    }
  },
  {
    "nome":"Cecelia",
    "email":"cmacgrayg@unc.edu",
    "telefone":[
      "3569848931",
      "35969848931"
    ],
    "endereco":{
      "logradouro":"Rua Karstens",
      "numero":"115",
      "apartamento":true,
      "complemento":"ap 71"
    }
  },
  {
    "nome":"Xylia",
    "email":"xandrieuxh@berkeley.edu",
    "telefone":[
      "7593785074",
      "75993785074"
    ],
    "endereco":{
      "logradouro":"Rua Parkside",
      "numero":"065",
      "cep":"H65",
      "apartamento":true,
      "complemento":"ap 406"
    }
  },
  {
    "nome":"Husein",
    "email":"hbevissi@harvard.edu",
    "telefone":[
      "9916828153",
      "99916828153"
    ],
    "endereco":{
      "logradouro":"Rua Artisan",
      "numero":"9",
      "cep":"2281",
      "apartamento":false,
      "complemento":"Depois da trilha"
    }
  },
  {
    "nome":"Izaak",
    "email":"ikarbyj@home.pl",
    "telefone":[
      "5193301028",
      "51993301028"
    ],
    "endereco":{
      "logradouro":"Rua Grim",
      "numero":"480",
      "apartamento":false
    }
  }
]